Title,Media URL,Pinterest board,Description,Link,Publish date,Keywords
Staying in a Mongolian Ger: A ger on the steppe with a rainbow after rain,https://www.8lakestours.com/images/gallery-extra/ger-with-rainbow-after-rain.jpg,Mongolian Nomad Life & Culture,"A ger on the steppe with a rainbow after rain. A slow, real look at life on the Mongolian steppe, shared with the family who host every 8 Lakes Tours trek. Plan your trip at 8lakestours.com",https://www.8lakestours.com/about?utm_source=pinterest&utm_medium=social&utm_campaign=gallery_pins&utm_content=ger-with-rainbow-after-rain,2026-10-29T01:00:00,"Mongolian nomads, nomadic family, Mongolian ger, yurt stay Mongolia, Mongolia culture, Mongolia travel, cultural travel"
Wild Mongolia: The river running through the gorge below golden hills,https://www.8lakestours.com/images/gallery-extra/autumn-river-gorge-below-the-hills.jpg,Mongolia Landscapes: Eight Lakes & Orkhon Valley,"The river running through the gorge below golden hills, autumn larch and red scrub on the rim. The Naiman Nuur (Eight Lakes) region and the Orkhon Valley, seen from horseback on a 9-day trek with a nomadic host family. Plan your trip at 8lakestours.com",https://www.8lakestours.com/?utm_source=pinterest&utm_medium=social&utm_campaign=gallery_pins&utm_content=autumn-river-gorge-below-the-hills,2026-10-30T01:00:00,"Mongolia landscape, Mongolia travel, Eight Lakes Mongolia, Naiman Nuur, Orkhon Valley, Mongolia bucket list, off the beaten path"
Mongolian Horse Culture: Riders chasing a loose horse across the steppe under towering summer clouds,https://www.8lakestours.com/images/pinterest/riders-chasing-the-loose-horse-under-summer-clouds-monochrome.jpg,Horse Trekking in Mongolia,"Riders chasing a loose horse across the steppe under towering summer clouds, in black and white. Ride Mongolian horses with a nomadic host family on a 9-day trek through the Orkhon Valley to the Eight Lakes (Naiman Nuur). Beginners welcome, max 8 riders. Photo by Merel Montfoort. More at 8lakestours.com and on Instagram @8lakestours",https://www.8lakestours.com/?utm_source=pinterest&utm_medium=social&utm_campaign=merel_pins&utm_content=riders-chasing-the-loose-horse-under-summer-clouds-monochrome,2026-10-31T01:00:00,"Mongolian horses, horse trekking Mongolia, horse culture, nomad horsemen, adventure travel, Mongolia travel"
Riding the Mongolian Steppe: A horseman in a deel and hat mounted on his dark horse,https://www.8lakestours.com/images/gallery-extra/horseman-on-his-dark-horse-monochrome.jpg,Horse Trekking in Mongolia,"A horseman in a deel and hat mounted on his dark horse, in black and white. A 9-day horse trek through the Orkhon Valley and the Eight Lakes (Naiman Nuur), riding Mongolian horses with a nomadic host family. Beginners welcome, small groups of up to 8. Plan your trip at 8lakestours.com",https://www.8lakestours.com/?utm_source=pinterest&utm_medium=social&utm_campaign=gallery_pins&utm_content=horseman-on-his-dark-horse-monochrome,2026-11-01T01:00:00,"horse trekking Mongolia, Mongolia horse riding, horseback riding holiday, Mongolian horses, adventure travel, Orkhon Valley, Eight Lakes"
Life on the Mongolian Steppe: Father and son in dark deels with orange sashes on the summer steppe,https://www.8lakestours.com/images/gallery-extra/hosts-father-and-son-in-deels.jpg,Mongolian Nomad Life & Culture,"Father and son in dark deels with orange sashes on the summer steppe. On this 9-day trek you live alongside a Mongolian nomadic family: their gers, their meals, their horses and the pace of their days. Plan your trip at 8lakestours.com",https://www.8lakestours.com/about?utm_source=pinterest&utm_medium=social&utm_campaign=gallery_pins&utm_content=hosts-father-and-son-in-deels,2026-11-02T01:00:00,"Mongolian nomads, nomadic family, Mongolian ger, yurt stay Mongolia, Mongolia culture, Mongolia travel, cultural travel"
Horse Trekking in Mongolia: Horsemen crowding in at a local horse games day on the steppe,https://www.8lakestours.com/images/pinterest/horsemen-crowding-in-at-the-horse-games-monochrome.jpg,Horse Trekking in Mongolia,"Horsemen crowding in at a local horse games day on the steppe, in black and white. Ride Mongolian horses with a nomadic host family on a 9-day trek through the Orkhon Valley to the Eight Lakes (Naiman Nuur). Beginners welcome, max 8 riders. Photo by Merel Montfoort. More at 8lakestours.com and on Instagram @8lakestours",https://www.8lakestours.com/?utm_source=pinterest&utm_medium=social&utm_campaign=merel_pins&utm_content=horsemen-crowding-in-at-the-horse-games-monochrome,2026-11-03T01:00:00,"Mongolian horses, horse trekking Mongolia, horse culture, nomad horsemen, adventure travel, Mongolia travel"
Mongolian Horse Trek: Loaded pack horses grazing beside a mountain stream under blue sky,https://www.8lakestours.com/images/gallery-extra/packhorses-grazing-by-stream.jpg,Horse Trekking in Mongolia,"Loaded pack horses grazing beside a mountain stream under blue sky. Ride Mongolian horses across open steppe, larch forest and river valleys on a 9-day trek to the Eight Lakes. Beginner-friendly, max 8 guests. Plan your trip at 8lakestours.com",https://www.8lakestours.com/?utm_source=pinterest&utm_medium=social&utm_campaign=gallery_pins&utm_content=packhorses-grazing-by-stream,2026-11-04T01:00:00,"horse trekking Mongolia, Mongolia horse riding, horseback riding holiday, Mongolian horses, adventure travel, Orkhon Valley, Eight Lakes"
Mongolian Nomad Life: Hand-folded buuz dumplings in the steamer,https://www.8lakestours.com/images/gallery-extra/buuz-dumplings-in-the-steamer.jpg,Mongolian Nomad Life & Culture,"Hand-folded buuz dumplings in the steamer. Stay with a nomadic host family in the Orkhon Valley, sleep in traditional gers and ride with them to the Eight Lakes. Small groups, beginners welcome. Plan your trip at 8lakestours.com",https://www.8lakestours.com/about?utm_source=pinterest&utm_medium=social&utm_campaign=gallery_pins&utm_content=buuz-dumplings-in-the-steamer,2026-11-05T01:00:00,"Mongolian nomads, nomadic family, Mongolian ger, yurt stay Mongolia, Mongolia culture, Mongolia travel, cultural travel"
"The Eight Lakes, Mongolia: Eight Lakes valley and water",https://www.8lakestours.com/images/lake.jpg,Mongolia Landscapes: Eight Lakes & Orkhon Valley,"Eight Lakes valley and water. The Naiman Nuur (Eight Lakes) region and the Orkhon Valley, seen from horseback on a 9-day trek with a nomadic host family. Plan your trip at 8lakestours.com",https://www.8lakestours.com/?utm_source=pinterest&utm_medium=social&utm_campaign=gallery_pins&utm_content=lake,2026-11-06T01:00:00,"Mongolia landscape, Mongolia travel, Eight Lakes Mongolia, Naiman Nuur, Orkhon Valley, Mongolia bucket list, off the beaten path"
Mongolia Horse Riding: A horse breaking loose among the mounted herders at the horse games,https://www.8lakestours.com/images/pinterest/a-horse-breaking-loose-at-the-horse-games-monochrome.jpg,Horse Trekking in Mongolia,"A horse breaking loose among the mounted herders at the horse games, in black and white. Ride Mongolian horses with a nomadic host family on a 9-day trek through the Orkhon Valley to the Eight Lakes (Naiman Nuur). Beginners welcome, max 8 riders. Photo by Merel Montfoort. More at 8lakestours.com and on Instagram @8lakestours",https://www.8lakestours.com/?utm_source=pinterest&utm_medium=social&utm_campaign=merel_pins&utm_content=a-horse-breaking-loose-at-the-horse-games-monochrome,2026-11-07T01:00:00,"Mongolian horses, horse trekking Mongolia, horse culture, nomad horsemen, adventure travel, Mongolia travel"
Horse Trekking in Mongolia: Riders climbing a green hillside under heavy cloud,https://www.8lakestours.com/images/gallery-extra/riders-climbing-the-green-hillside.jpg,Horse Trekking in Mongolia,"Riders climbing a green hillside under heavy cloud. Nine days in the saddle between the Orkhon Valley and Naiman Nuur, guided by a local horseman and hosted by a nomadic family. No riding experience needed. Plan your trip at 8lakestours.com",https://www.8lakestours.com/?utm_source=pinterest&utm_medium=social&utm_campaign=gallery_pins&utm_content=riders-climbing-the-green-hillside,2026-11-08T01:00:00,"horse trekking Mongolia, Mongolia horse riding, horseback riding holiday, Mongolian horses, adventure travel, Orkhon Valley, Eight Lakes"
Life With a Nomadic Family in Mongolia: Motorbike above the valley at dusk,https://www.8lakestours.com/images/expedition-originals/motorbike-valley-dusk-portrait.jpg,Mongolian Nomad Life & Culture,"Motorbike above the valley at dusk. A slow, real look at life on the Mongolian steppe, shared with the family who host every 8 Lakes Tours trek. Plan your trip at 8lakestours.com",https://www.8lakestours.com/about?utm_source=pinterest&utm_medium=social&utm_campaign=gallery_pins&utm_content=motorbike-valley-dusk-portrait,2026-11-09T01:00:00,"Mongolian nomads, nomadic family, Mongolian ger, yurt stay Mongolia, Mongolia culture, Mongolia travel, cultural travel"
Central Mongolia: Two horses grazing on the open steppe under heavy storm cloud,https://www.8lakestours.com/images/gallery-extra/horses-grazing-storm-monochrome.jpg,Mongolia Landscapes: Eight Lakes & Orkhon Valley,"Two horses grazing on the open steppe under heavy storm cloud, in black and white. Mongolian steppe, larch forest and volcanic lakes on the route of the 8 Lakes Tours horse trek. Plan your trip at 8lakestours.com",https://www.8lakestours.com/?utm_source=pinterest&utm_medium=social&utm_campaign=gallery_pins&utm_content=horses-grazing-storm-monochrome,2026-11-10T01:00:00,"Mongolia landscape, Mongolia travel, Eight Lakes Mongolia, Naiman Nuur, Orkhon Valley, Mongolia bucket list, off the beaten path"
Mongolian Horse Culture: A herder laughing as he rides in at the horse games,https://www.8lakestours.com/images/pinterest/herder-laughing-as-he-rides-in-monochrome.jpg,Horse Trekking in Mongolia,"A herder laughing as he rides in at the horse games, in black and white. Ride Mongolian horses with a nomadic host family on a 9-day trek through the Orkhon Valley to the Eight Lakes (Naiman Nuur). Beginners welcome, max 8 riders. Photo by Merel Montfoort. More at 8lakestours.com and on Instagram @8lakestours",https://www.8lakestours.com/?utm_source=pinterest&utm_medium=social&utm_campaign=merel_pins&utm_content=herder-laughing-as-he-rides-in-monochrome,2026-11-11T01:00:00,"Mongolian horses, horse trekking Mongolia, horse culture, nomad horsemen, adventure travel, Mongolia travel"
Riding the Mongolian Steppe: Following the rider ahead along a sunlit larch trail,https://www.8lakestours.com/images/gallery-extra/horse-ears-on-the-sunlit-larch-trail.jpg,Horse Trekking in Mongolia,"Following the rider ahead along a sunlit larch trail, seen between a horse’s ears. Ride Mongolian horses across open steppe, larch forest and river valleys on a 9-day trek to the Eight Lakes. Beginner-friendly, max 8 guests. Plan your trip at 8lakestours.com",https://www.8lakestours.com/?utm_source=pinterest&utm_medium=social&utm_campaign=gallery_pins&utm_content=horse-ears-on-the-sunlit-larch-trail,2026-11-12T01:00:00,"horse trekking Mongolia, Mongolia horse riding, horseback riding holiday, Mongolian horses, adventure travel, Orkhon Valley, Eight Lakes"
Mongolian Nomad Life: Yaks grazing beside the river in backlit evening sun,https://www.8lakestours.com/images/expedition-originals/yaks-river-backlit-portrait.jpg,Mongolian Nomad Life & Culture,"Yaks grazing beside the river in backlit evening sun. A slow, real look at life on the Mongolian steppe, shared with the family who host every 8 Lakes Tours trek. Plan your trip at 8lakestours.com",https://www.8lakestours.com/about?utm_source=pinterest&utm_medium=social&utm_campaign=gallery_pins&utm_content=yaks-river-backlit-portrait,2026-11-13T01:00:00,"Mongolian nomads, nomadic family, Mongolian ger, yurt stay Mongolia, Mongolia culture, Mongolia travel, cultural travel"
Wild Mongolia: Resting in the shade while the horses graze,https://www.8lakestours.com/images/gallery-extra/resting-with-the-horses-in-the-shade.jpg,Mongolia Landscapes: Eight Lakes & Orkhon Valley,"Resting in the shade while the horses graze. Mongolian steppe, larch forest and volcanic lakes on the route of the 8 Lakes Tours horse trek. Plan your trip at 8lakestours.com",https://www.8lakestours.com/?utm_source=pinterest&utm_medium=social&utm_campaign=gallery_pins&utm_content=resting-with-the-horses-in-the-shade,2026-11-14T01:00:00,"Mongolia landscape, Mongolia travel, Eight Lakes Mongolia, Naiman Nuur, Orkhon Valley, Mongolia bucket list, off the beaten path"
Horse Trekking in Mongolia: A horseman in a deel and hat pointing across the field,https://www.8lakestours.com/images/pinterest/horseman-pointing-across-the-field-monochrome.jpg,Horse Trekking in Mongolia,"A horseman in a deel and hat pointing across the field, clouds stacked behind, in black and white. Ride Mongolian horses with a nomadic host family on a 9-day trek through the Orkhon Valley to the Eight Lakes (Naiman Nuur). Beginners welcome, max 8 riders. Photo by Merel Montfoort. More at 8lakestours.com and on Instagram @8lakestours",https://www.8lakestours.com/?utm_source=pinterest&utm_medium=social&utm_campaign=merel_pins&utm_content=horseman-pointing-across-the-field-monochrome,2026-11-15T01:00:00,"Mongolian horses, horse trekking Mongolia, horse culture, nomad horsemen, adventure travel, Mongolia travel"
Mongolian Horse Trek: Horseman silhouetted beside the river,https://www.8lakestours.com/images/expedition-originals/river-horseman-silhouette-portrait.jpg,Horse Trekking in Mongolia,"Horseman silhouetted beside the river. Nine days in the saddle between the Orkhon Valley and Naiman Nuur, guided by a local horseman and hosted by a nomadic family. No riding experience needed. Plan your trip at 8lakestours.com",https://www.8lakestours.com/?utm_source=pinterest&utm_medium=social&utm_campaign=gallery_pins&utm_content=river-horseman-silhouette-portrait,2026-11-16T01:00:00,"horse trekking Mongolia, Mongolia horse riding, horseback riding holiday, Mongolian horses, adventure travel, Orkhon Valley, Eight Lakes"
Mongolian Culture: Ger and Land Cruiser in the rain,https://www.8lakestours.com/images/gallery-extra/ger-and-land-cruiser-rain.jpg,Mongolian Nomad Life & Culture,"Ger and Land Cruiser in the rain. Stay with a nomadic host family in the Orkhon Valley, sleep in traditional gers and ride with them to the Eight Lakes. Small groups, beginners welcome. Plan your trip at 8lakestours.com",https://www.8lakestours.com/about?utm_source=pinterest&utm_medium=social&utm_campaign=gallery_pins&utm_content=ger-and-land-cruiser-rain,2026-11-17T01:00:00,"Mongolian nomads, nomadic family, Mongolian ger, yurt stay Mongolia, Mongolia culture, Mongolia travel, cultural travel"
Wild Mongolia: A horse grazing in morning mist below the low sun,https://www.8lakestours.com/images/gallery-extra/horse-in-the-mist-below-the-low-sun.jpg,Mongolia Landscapes: Eight Lakes & Orkhon Valley,"A horse grazing in morning mist below the low sun, the camp behind. The Naiman Nuur (Eight Lakes) region and the Orkhon Valley, seen from horseback on a 9-day trek with a nomadic host family. Plan your trip at 8lakestours.com",https://www.8lakestours.com/?utm_source=pinterest&utm_medium=social&utm_campaign=gallery_pins&utm_content=horse-in-the-mist-below-the-low-sun,2026-11-18T01:00:00,"Mongolia landscape, Mongolia travel, Eight Lakes Mongolia, Naiman Nuur, Orkhon Valley, Mongolia bucket list, off the beaten path"
Wild Mongolia: The horse herd bunched together below the hills,https://www.8lakestours.com/images/pinterest/the-herd-bunched-together-below-the-hills-monochrome.jpg,Mongolia Landscapes: Eight Lakes & Orkhon Valley,"The horse herd bunched together below the hills, in black and white. The Mongolian steppe on the 9-day 8 Lakes Tours horse trek through the Orkhon Valley to the Eight Lakes. Photo by Merel Montfoort. More at 8lakestours.com and on Instagram @8lakestours",https://www.8lakestours.com/?utm_source=pinterest&utm_medium=social&utm_campaign=merel_pins&utm_content=the-herd-bunched-together-below-the-hills-monochrome,2026-11-19T01:00:00,"Mongolia landscape, Mongolian steppe, Mongolia travel, adventure travel"
Mongolia Horse Riding: A horseman at ease in the saddle of his dark horse,https://www.8lakestours.com/images/gallery-extra/horseman-at-ease-on-his-dark-horse-monochrome.jpg,Horse Trekking in Mongolia,"A horseman at ease in the saddle of his dark horse, in black and white. Ride Mongolian horses across open steppe, larch forest and river valleys on a 9-day trek to the Eight Lakes. Beginner-friendly, max 8 guests. Plan your trip at 8lakestours.com",https://www.8lakestours.com/?utm_source=pinterest&utm_medium=social&utm_campaign=gallery_pins&utm_content=horseman-at-ease-on-his-dark-horse-monochrome,2026-11-20T01:00:00,"horse trekking Mongolia, Mongolia horse riding, horseback riding holiday, Mongolian horses, adventure travel, Orkhon Valley, Eight Lakes"
Mongolian Nomad Life: Ger at sunrise in the valley,https://www.8lakestours.com/images/expedition-originals/ger-sunrise-original.jpg,Mongolian Nomad Life & Culture,"Ger at sunrise in the valley. On this 9-day trek you live alongside a Mongolian nomadic family: their gers, their meals, their horses and the pace of their days. Plan your trip at 8lakestours.com",https://www.8lakestours.com/about?utm_source=pinterest&utm_medium=social&utm_campaign=gallery_pins&utm_content=ger-sunrise-original,2026-11-21T01:00:00,"Mongolian nomads, nomadic family, Mongolian ger, yurt stay Mongolia, Mongolia culture, Mongolia travel, cultural travel"
Central Mongolia: Packed horses waiting under storm clouds,https://www.8lakestours.com/images/gallery-extra/packed-horses-rain-camp.jpg,Mongolia Landscapes: Eight Lakes & Orkhon Valley,"Packed horses waiting under storm clouds. Some of the most remote country in central Mongolia, reached on horseback over nine days. Beginners welcome, max 8 guests. Plan your trip at 8lakestours.com",https://www.8lakestours.com/?utm_source=pinterest&utm_medium=social&utm_campaign=gallery_pins&utm_content=packed-horses-rain-camp,2026-11-22T01:00:00,"Mongolia landscape, Mongolia travel, Eight Lakes Mongolia, Naiman Nuur, Orkhon Valley, Mongolia bucket list, off the beaten path"
Mongolia Horse Riding: A rider leaning out from the saddle to catch a horse,https://www.8lakestours.com/images/pinterest/catching-a-horse-from-the-saddle-monochrome.jpg,Horse Trekking in Mongolia,"A rider leaning out from the saddle to catch a horse, in black and white. Ride Mongolian horses with a nomadic host family on a 9-day trek through the Orkhon Valley to the Eight Lakes (Naiman Nuur). Beginners welcome, max 8 riders. Photo by Merel Montfoort. More at 8lakestours.com and on Instagram @8lakestours",https://www.8lakestours.com/?utm_source=pinterest&utm_medium=social&utm_campaign=merel_pins&utm_content=catching-a-horse-from-the-saddle-monochrome,2026-11-23T01:00:00,"Mongolian horses, horse trekking Mongolia, horse culture, nomad horsemen, adventure travel, Mongolia travel"
Riding the Mongolian Steppe: Horseman under larch trees,https://www.8lakestours.com/images/gallery-extra/horseman-under-larch-trees.jpg,Horse Trekking in Mongolia,"Horseman under larch trees. Nine days in the saddle between the Orkhon Valley and Naiman Nuur, guided by a local horseman and hosted by a nomadic family. No riding experience needed. Plan your trip at 8lakestours.com",https://www.8lakestours.com/?utm_source=pinterest&utm_medium=social&utm_campaign=gallery_pins&utm_content=horseman-under-larch-trees,2026-11-24T01:00:00,"horse trekking Mongolia, Mongolia horse riding, horseback riding holiday, Mongolian horses, adventure travel, Orkhon Valley, Eight Lakes"
Mongolian Culture: Four of the host family children together on the summer steppe at golden hour,https://www.8lakestours.com/images/gallery-extra/host-family-children-on-the-summer-steppe.jpg,Mongolian Nomad Life & Culture,"Four of the host family children together on the summer steppe at golden hour. A slow, real look at life on the Mongolian steppe, shared with the family who host every 8 Lakes Tours trek. Plan your trip at 8lakestours.com",https://www.8lakestours.com/about?utm_source=pinterest&utm_medium=social&utm_campaign=gallery_pins&utm_content=host-family-children-on-the-summer-steppe,2026-11-25T01:00:00,"Mongolian nomads, nomadic family, Mongolian ger, yurt stay Mongolia, Mongolia culture, Mongolia travel, cultural travel"
